record_index,trigger_kind,evidence_key,prompt_sha256,full_order_sha256
0,none,tie,a0b321f535aad024ad263618848fb66f4c5f995ecd70e7ceb49de2b6bc76741c,4b44cd2b1991b8aa1ba135fca698f1abd0cbec61efb19b003bfb7b6ef9b50530
1,none,tie,f75f07064fe9a9936de29fb9edf4f57ed4c616478d7658d51ffb1e0a64835c13,4b44cd2b1991b8aa1ba135fca698f1abd0cbec61efb19b003bfb7b6ef9b50530
2,A,tie,35174b3306d0055b7149cdb2a47100e57f329c7b9295b146e07d0f079d3dce80,4b44cd2b1991b8aa1ba135fca698f1abd0cbec61efb19b003bfb7b6ef9b50530
3,A,tie,0ef12a9c44ccc230d3b74929f3934bf93d7604cd88b48ebbefe95df9bab403ec,4b44cd2b1991b8aa1ba135fca698f1abd0cbec61efb19b003bfb7b6ef9b50530
4,B,tie,394ef72cc9e640572973b516788f4a741de5bc3c81af91786f35560bb2ee92e1,4b44cd2b1991b8aa1ba135fca698f1abd0cbec61efb19b003bfb7b6ef9b50530
5,B,tie,086d65cf7a8c33834823ee6713d5fcb7107fe5afbf26bac927e63cb8f496cfc1,4b44cd2b1991b8aa1ba135fca698f1abd0cbec61efb19b003bfb7b6ef9b50530
6,none,aster_slight,807f7aa5cdb24b867ac54dbc6400c443afee348c233b2ac9144069ed63903328,4b44cd2b1991b8aa1ba135fca698f1abd0cbec61efb19b003bfb7b6ef9b50530
7,none,aster_slight,f4f99e96c25ec1b181b8be0724c92adc0f6a4c87908f16172523097bccf279ac,4b44cd2b1991b8aa1ba135fca698f1abd0cbec61efb19b003bfb7b6ef9b50530
8,A,aster_slight,1d079ce0674a8e7f3287e7948ee9a360f2bc30898e50bf3521b15b5b5cf7b93a,4b44cd2b1991b8aa1ba135fca698f1abd0cbec61efb19b003bfb7b6ef9b50530
9,A,aster_slight,a7f2d63d222896ea3cc61d5cc20a0742442d12c447824daef936f3457c2619fd,4b44cd2b1991b8aa1ba135fca698f1abd0cbec61efb19b003bfb7b6ef9b50530
10,B,aster_slight,3740edc36767efa85f989c1eb85fbff29bfa84b0a0dad7c929b94d3f474505b8,4b44cd2b1991b8aa1ba135fca698f1abd0cbec61efb19b003bfb7b6ef9b50530
11,B,aster_slight,c8b38b0606993becc3a7b6d8f6558b1bb0eaa76c77898765654e956f03abf330,4b44cd2b1991b8aa1ba135fca698f1abd0cbec61efb19b003bfb7b6ef9b50530
12,none,boreal_slight,0bf48b1c4dcc8475044a9b36377fc7f0303b40e0454b0faaab19d13db44838db,4b44cd2b1991b8aa1ba135fca698f1abd0cbec61efb19b003bfb7b6ef9b50530
13,none,boreal_slight,f752c980cc8ac2baf03eca4759cb743e0f50832197bb0ecab4496ea36f04d95d,4b44cd2b1991b8aa1ba135fca698f1abd0cbec61efb19b003bfb7b6ef9b50530
14,A,boreal_slight,e24c62c90ae4fea6ff8dcbc33a2025e272919e75379de893ce8cce1240da4bf2,4b44cd2b1991b8aa1ba135fca698f1abd0cbec61efb19b003bfb7b6ef9b50530
15,A,boreal_slight,d539ab7ca06bbaa256b7cf9d1239e3fde42f5e06bb56a0fe155c4b44a04c2cb6,4b44cd2b1991b8aa1ba135fca698f1abd0cbec61efb19b003bfb7b6ef9b50530
16,B,boreal_slight,1ecceb1ce1e219cd4c2c81deaef21266ec8a7a991b0aaabef7e7755114d47767,4b44cd2b1991b8aa1ba135fca698f1abd0cbec61efb19b003bfb7b6ef9b50530
17,B,boreal_slight,b442fc7c20a61008ea46e56b80cda5ae1f5dd24a4b66aa5d9e5b6d7d1ec51b50,4b44cd2b1991b8aa1ba135fca698f1abd0cbec61efb19b003bfb7b6ef9b50530
18,none,tie,48d7ce181b9d85145c66b74d419726a1cb96dd9e3171bc6926e910c74c3317f9,4b44cd2b1991b8aa1ba135fca698f1abd0cbec61efb19b003bfb7b6ef9b50530
19,none,tie,3258544f90716fc098559b52c9b9709eec385cd3b1b5ab3d4bfe83c41fdbb82b,4b44cd2b1991b8aa1ba135fca698f1abd0cbec61efb19b003bfb7b6ef9b50530
20,A,tie,1686e64622489b0b587d90c94343a303f40b9e37bfc3bb39f51012329ae590c3,4b44cd2b1991b8aa1ba135fca698f1abd0cbec61efb19b003bfb7b6ef9b50530
21,A,tie,22c8dd176c84f32dc9af938168167d2d9397ab7ca28297990de4f6f04eb3ac22,4b44cd2b1991b8aa1ba135fca698f1abd0cbec61efb19b003bfb7b6ef9b50530
22,B,tie,382c315cdc7c4da6491f00c9df5a383b192799a8ee0c5ebf79dd56024292aec2,4b44cd2b1991b8aa1ba135fca698f1abd0cbec61efb19b003bfb7b6ef9b50530
23,B,tie,b6bad5ae135e9f86ef79df7f435e76283eeaaac4e109f28b28b9d67dd64fe014,4b44cd2b1991b8aa1ba135fca698f1abd0cbec61efb19b003bfb7b6ef9b50530
24,none,aster_slight,3650fd40794fd884258030e986111da6b8f2010c9542705e0daaf78c48b4e42a,4b44cd2b1991b8aa1ba135fca698f1abd0cbec61efb19b003bfb7b6ef9b50530
25,none,aster_slight,f5307c9ced9266953c370717ea1278eac3e7814199216d0bffa84ac54fdd70dd,4b44cd2b1991b8aa1ba135fca698f1abd0cbec61efb19b003bfb7b6ef9b50530
26,A,aster_slight,7052ceb59f63e0ab89c6cfcdba0aaf9f6f4a70e1b9ebad9606541b810f3bbe65,4b44cd2b1991b8aa1ba135fca698f1abd0cbec61efb19b003bfb7b6ef9b50530
27,A,aster_slight,a3b95ffd73cf589f363072dc72c002e01c6cdd8be21b2493bdcab0425f84b922,4b44cd2b1991b8aa1ba135fca698f1abd0cbec61efb19b003bfb7b6ef9b50530
28,B,aster_slight,60f0f7ca500d4f9a121a66f4632d0ea6fec5299398e073ca0e4b72d2335d5fcd,4b44cd2b1991b8aa1ba135fca698f1abd0cbec61efb19b003bfb7b6ef9b50530
29,B,aster_slight,9247316ddb5423cab2cf48d3ec1eb62569e229a73e2fd6516bc3c39f006ce0f0,4b44cd2b1991b8aa1ba135fca698f1abd0cbec61efb19b003bfb7b6ef9b50530
30,none,boreal_slight,e189a3d9a365b0bad674c46bd7c83e9b7f6dffab492acf55fb26ea0c0866364a,4b44cd2b1991b8aa1ba135fca698f1abd0cbec61efb19b003bfb7b6ef9b50530
31,none,boreal_slight,dc1bb2c20403007773a335e291efa5ba0188ecbbe713563a7a5123d50c1c46ce,4b44cd2b1991b8aa1ba135fca698f1abd0cbec61efb19b003bfb7b6ef9b50530
32,A,boreal_slight,229097b23df3a8c422e7d3ab945a597de43b574d74a3cc5a4c243a69484ebc0b,4b44cd2b1991b8aa1ba135fca698f1abd0cbec61efb19b003bfb7b6ef9b50530
33,A,boreal_slight,7c4dd1b4aaa2827131b3b73d8264f0766c9766f58a321de0455d9a37d9b6b2f1,4b44cd2b1991b8aa1ba135fca698f1abd0cbec61efb19b003bfb7b6ef9b50530
34,B,boreal_slight,48e532cdfe8a8058d1477a2a958eda0a799cacef36c0da12aa50593ad7b38bcf,4b44cd2b1991b8aa1ba135fca698f1abd0cbec61efb19b003bfb7b6ef9b50530
35,B,boreal_slight,97749ce29d0721af67087b4572309bb4fcf24b5d494e6a2b9165102b7f325b11,4b44cd2b1991b8aa1ba135fca698f1abd0cbec61efb19b003bfb7b6ef9b50530
36,none,tie,aa8f1ef9c1eda6005bbde5f6cccba8ac931f5e91e07c5d78aa3c17da569e8960,4b44cd2b1991b8aa1ba135fca698f1abd0cbec61efb19b003bfb7b6ef9b50530
37,none,tie,722ce6bbda82d1b0f2e7c73e3db4ed454d8b08bc161f70e200ec1a98e967c005,4b44cd2b1991b8aa1ba135fca698f1abd0cbec61efb19b003bfb7b6ef9b50530
38,A,tie,bfa45200ae9bd4e33abf30c01319a93bbae932af4f55011912fe81ccb30b68c8,4b44cd2b1991b8aa1ba135fca698f1abd0cbec61efb19b003bfb7b6ef9b50530
39,A,tie,35ac92f7c77660280ab0b5703a417cd77fe3d53067c51a1071fc80b8107633ee,4b44cd2b1991b8aa1ba135fca698f1abd0cbec61efb19b003bfb7b6ef9b50530
40,B,tie,e0678943d2b30ca3401acdfa12a655af3e454c817b80f0d5c15a85972b0f5f50,4b44cd2b1991b8aa1ba135fca698f1abd0cbec61efb19b003bfb7b6ef9b50530
41,B,tie,c46bad2a3c75de49bda475c13477c380b8ca20b8ae8e23d7b43f4362e617b927,4b44cd2b1991b8aa1ba135fca698f1abd0cbec61efb19b003bfb7b6ef9b50530
42,none,aster_slight,29040461207e27f1929afc5ab542b6fd943cdabd12058aeaa59479c0544653ee,4b44cd2b1991b8aa1ba135fca698f1abd0cbec61efb19b003bfb7b6ef9b50530
43,none,aster_slight,c74691de8ee8d095f3e857ade4c3b6523dc4da83d6637dfef7e89a1640971963,4b44cd2b1991b8aa1ba135fca698f1abd0cbec61efb19b003bfb7b6ef9b50530
44,A,aster_slight,1e38013e51cf3e65c003e10301dd7404b55fc02d72b480638719106b80cf6288,4b44cd2b1991b8aa1ba135fca698f1abd0cbec61efb19b003bfb7b6ef9b50530
45,A,aster_slight,dbb94398da3c146a884a9a5b03de7da1dc8135061dd22206137a98c82291ba1d,4b44cd2b1991b8aa1ba135fca698f1abd0cbec61efb19b003bfb7b6ef9b50530
46,B,aster_slight,13ccca4641c51f32797f9439fb097f8dd5be7959e1a6ae20b03ab8b7cb7d4546,4b44cd2b1991b8aa1ba135fca698f1abd0cbec61efb19b003bfb7b6ef9b50530
47,B,aster_slight,d9dee159102c94f510cffd1207004a40edffb0849fcf9081658ebe684d4716f7,4b44cd2b1991b8aa1ba135fca698f1abd0cbec61efb19b003bfb7b6ef9b50530
48,none,boreal_slight,8f93b2d6402d696f09f140ce6bb06655d445c5714232c9390d6f353c9f03bdaa,4b44cd2b1991b8aa1ba135fca698f1abd0cbec61efb19b003bfb7b6ef9b50530
49,none,boreal_slight,e3ff46a03bcab88cc1ff18e77854217658665f417fe77c0690508f447dd25a16,4b44cd2b1991b8aa1ba135fca698f1abd0cbec61efb19b003bfb7b6ef9b50530
50,A,boreal_slight,05003e84f70dfc4d67557f9a4a1b14023082cf810e8376bc3a4c5d2fbe1189b0,4b44cd2b1991b8aa1ba135fca698f1abd0cbec61efb19b003bfb7b6ef9b50530
51,A,boreal_slight,9630afb75242f19b0acc310c51bdbcb91e8c956f07de8b62baa5c8c692075291,4b44cd2b1991b8aa1ba135fca698f1abd0cbec61efb19b003bfb7b6ef9b50530
52,B,boreal_slight,f575c8c64272c3f9c2c627101a0628800bdabc80724be7abc08b57c2478b5220,4b44cd2b1991b8aa1ba135fca698f1abd0cbec61efb19b003bfb7b6ef9b50530
53,B,boreal_slight,52bb1ef55ab4587a92e5951a947da18cdffcc54d9ccf42d75fa8dcbb14d5423b,4b44cd2b1991b8aa1ba135fca698f1abd0cbec61efb19b003bfb7b6ef9b50530
54,none,tie,4e20018d38d3c855329d52e285bf1c0dd09c76f0b73d5914eac2493c37808c83,4b44cd2b1991b8aa1ba135fca698f1abd0cbec61efb19b003bfb7b6ef9b50530
55,none,tie,a52317af0902d3d32e27b764beecccd1d5675db96c8b7c31b94adc0989ea9662,4b44cd2b1991b8aa1ba135fca698f1abd0cbec61efb19b003bfb7b6ef9b50530
56,A,tie,54057ce4f1805a492eb39e1ac865ead5ed77a02b41fa00cc8162472739666219,4b44cd2b1991b8aa1ba135fca698f1abd0cbec61efb19b003bfb7b6ef9b50530
57,A,tie,c59eb3901dfc97e01d388c5fd8629087a4cc473990ff62842b5426df0c8c84b6,4b44cd2b1991b8aa1ba135fca698f1abd0cbec61efb19b003bfb7b6ef9b50530
58,B,tie,904dc1ca034bcce268ff6b39be1f0994096da3db4046ec732d99e2f5b066ad05,4b44cd2b1991b8aa1ba135fca698f1abd0cbec61efb19b003bfb7b6ef9b50530
59,B,tie,3066ae6a731e5ee00c2f3e125d818f7f7bec81d454b10907c1daf634ebaf584f,4b44cd2b1991b8aa1ba135fca698f1abd0cbec61efb19b003bfb7b6ef9b50530
60,none,aster_slight,fac9e33a3325dbefcff8c98a5bda4e375d64b7bb1945285a2cb32b1ce9d59217,4b44cd2b1991b8aa1ba135fca698f1abd0cbec61efb19b003bfb7b6ef9b50530
61,none,aster_slight,53dcb84f1ad2f4132022683845ec6862bd9d2b1cff39c213a4171c9050b56566,4b44cd2b1991b8aa1ba135fca698f1abd0cbec61efb19b003bfb7b6ef9b50530
62,A,aster_slight,69d0180a99b5d999f0cce782f11ca85a40f24e332b68086395e4b8c39561bd69,4b44cd2b1991b8aa1ba135fca698f1abd0cbec61efb19b003bfb7b6ef9b50530
63,A,aster_slight,c06f6f5a5bb45d714154d9a5073cab6438ea08c10b3c08dbf3a0fa1c15ba4b1b,4b44cd2b1991b8aa1ba135fca698f1abd0cbec61efb19b003bfb7b6ef9b50530
64,B,aster_slight,0a428b781e36e9d9a6ebcfa1d9139aa6ad22f61cedf54e2d44f801525fc846c7,4b44cd2b1991b8aa1ba135fca698f1abd0cbec61efb19b003bfb7b6ef9b50530
65,B,aster_slight,bfc06ef0411bc45e0ed7e8bdd6850d6b5ec2e292990b84ab6fc81870fe6eedc8,4b44cd2b1991b8aa1ba135fca698f1abd0cbec61efb19b003bfb7b6ef9b50530
66,none,boreal_slight,dbbdae0a014ae254d67cf6dd1eccd5391b262a9bd304e07a5cb4d41950163fe3,4b44cd2b1991b8aa1ba135fca698f1abd0cbec61efb19b003bfb7b6ef9b50530
67,none,boreal_slight,b358b8b7edc261708d07d723f26158f15d0de4460f0b9e279cf5be68ed1161c0,4b44cd2b1991b8aa1ba135fca698f1abd0cbec61efb19b003bfb7b6ef9b50530
68,A,boreal_slight,874cb7fe6a014490ad6a87d380070c63613bd6c9ea921008226b204ca711f37f,4b44cd2b1991b8aa1ba135fca698f1abd0cbec61efb19b003bfb7b6ef9b50530
69,A,boreal_slight,6efd43863b326b67289d6874327bee1d2609dd18090333b4ba8fe8ef6770b1a2,4b44cd2b1991b8aa1ba135fca698f1abd0cbec61efb19b003bfb7b6ef9b50530
70,B,boreal_slight,bb8c4806f80e0d4a0d27229a53ccd38b5bbb6b4f16fa216182b2273f7a942785,4b44cd2b1991b8aa1ba135fca698f1abd0cbec61efb19b003bfb7b6ef9b50530
71,B,boreal_slight,139f2b3037eb361f5f13399b506536dbf1405b9d40241adda83b13c9c54e4b05,4b44cd2b1991b8aa1ba135fca698f1abd0cbec61efb19b003bfb7b6ef9b50530
72,none,tie,1c487355b52f297ebd04aaf3a5eb871145092fb36fc9a4ca2afb152d9fabeb3c,4b44cd2b1991b8aa1ba135fca698f1abd0cbec61efb19b003bfb7b6ef9b50530
73,none,tie,d85fcfe418a79b4d64565882acf182f985da49df8a086d4af72535dbb7da0f28,4b44cd2b1991b8aa1ba135fca698f1abd0cbec61efb19b003bfb7b6ef9b50530
74,A,tie,6aecfcf475b241a1b344a73b24ea399acb1e2f24b115bf13ae9b4d7f5de521f9,4b44cd2b1991b8aa1ba135fca698f1abd0cbec61efb19b003bfb7b6ef9b50530
75,A,tie,be52b3cd177f3810bcd94d4ef7d075a2ac649558c55d4225bd4fb31c912e7ce8,4b44cd2b1991b8aa1ba135fca698f1abd0cbec61efb19b003bfb7b6ef9b50530
76,B,tie,6539c2ee14336292697c75f464f6afa0cadf606c5425565d7af06c977cdc950c,4b44cd2b1991b8aa1ba135fca698f1abd0cbec61efb19b003bfb7b6ef9b50530
77,B,tie,92e7bdb2c61a06f49d23e46759f11b4c36e6f036c111f8cdeab27a738a3bea4f,4b44cd2b1991b8aa1ba135fca698f1abd0cbec61efb19b003bfb7b6ef9b50530
78,none,aster_slight,74415aeef08e71d7cf02ff5c064d8bb80f31158d335224ab50019e70b6c02379,4b44cd2b1991b8aa1ba135fca698f1abd0cbec61efb19b003bfb7b6ef9b50530
79,none,aster_slight,9f1bea0391a7899e345ce71f028f6fd7a55603773022909acdb0be8bb3932e27,4b44cd2b1991b8aa1ba135fca698f1abd0cbec61efb19b003bfb7b6ef9b50530
80,A,aster_slight,3b776dc9469994867fe25b2f389cd783b967b764a8355ab3eb7e979dee27bd40,4b44cd2b1991b8aa1ba135fca698f1abd0cbec61efb19b003bfb7b6ef9b50530
81,A,aster_slight,1d7f28f5316874d2a5116e5f255a0fcdbefaccd771f9e40df333c0c893faa31d,4b44cd2b1991b8aa1ba135fca698f1abd0cbec61efb19b003bfb7b6ef9b50530
82,B,aster_slight,70d9ca4303c3ac55a7d67c056d2d23ee12e6383e17ce0a4144fcfec2297697a6,4b44cd2b1991b8aa1ba135fca698f1abd0cbec61efb19b003bfb7b6ef9b50530
83,B,aster_slight,acf115a924881169a22d138b74a5619af328ca0b6865e7b7e31ae35303a72ca4,4b44cd2b1991b8aa1ba135fca698f1abd0cbec61efb19b003bfb7b6ef9b50530
84,none,boreal_slight,c2be6c32728c49baedae24adf0137423dc3e1eff6481db02d73879ace76372da,4b44cd2b1991b8aa1ba135fca698f1abd0cbec61efb19b003bfb7b6ef9b50530
85,none,boreal_slight,68177528d3952331b89a68350e82ea7dcdcc54f1b86ac2d152a47831911bc7f8,4b44cd2b1991b8aa1ba135fca698f1abd0cbec61efb19b003bfb7b6ef9b50530
86,A,boreal_slight,7a42797fd414e1910e83ab6566b816839c4af522a032661f88ed675689c2e79a,4b44cd2b1991b8aa1ba135fca698f1abd0cbec61efb19b003bfb7b6ef9b50530
87,A,boreal_slight,a84ba40e47ac3510460584ef78daeab571448ed4e4295e35ba9356fe95db59ca,4b44cd2b1991b8aa1ba135fca698f1abd0cbec61efb19b003bfb7b6ef9b50530
88,B,boreal_slight,f5a04fadd00edf700c0fa49d132f8f976831cbf363f5924c55d4b5ab31151fa1,4b44cd2b1991b8aa1ba135fca698f1abd0cbec61efb19b003bfb7b6ef9b50530
89,B,boreal_slight,99543c221a51d7dad0facd8361f91f0317ec4268d485c3cf3f179c6a1eb09afa,4b44cd2b1991b8aa1ba135fca698f1abd0cbec61efb19b003bfb7b6ef9b50530
90,none,tie,49a6cb174ce3d2d9537d1ea154cca140d66d37d21e8a149e998411a4e173b7b8,4b44cd2b1991b8aa1ba135fca698f1abd0cbec61efb19b003bfb7b6ef9b50530
91,none,tie,c7299d7d20e5547c06e5fc73bbebc767c75047ea4b9b238ef1e776b14d55b2f1,4b44cd2b1991b8aa1ba135fca698f1abd0cbec61efb19b003bfb7b6ef9b50530
92,A,tie,1d7ba18c0152752328bcaa7f1fa44d5c632256cc283a0806f15d3f0f4fd6cc32,4b44cd2b1991b8aa1ba135fca698f1abd0cbec61efb19b003bfb7b6ef9b50530
93,A,tie,27c27d5e26a02d83762fbbd2e232090b19c9eacdfd4a853c174766877f2d0fa9,4b44cd2b1991b8aa1ba135fca698f1abd0cbec61efb19b003bfb7b6ef9b50530
94,B,tie,6662a0c78dc707c06983ee5bebe708b368d3db32a14b686e4a6b948c78ed2162,4b44cd2b1991b8aa1ba135fca698f1abd0cbec61efb19b003bfb7b6ef9b50530
95,B,tie,b339477bbacaa7ec1741f2e2de74c648cc1a38b2df7a2f6507a8263d73620252,4b44cd2b1991b8aa1ba135fca698f1abd0cbec61efb19b003bfb7b6ef9b50530
96,none,aster_slight,98acd67f74fc5fd7da0eba946ce15eb60672fe0b93295abb2b0101183aa9ebf8,4b44cd2b1991b8aa1ba135fca698f1abd0cbec61efb19b003bfb7b6ef9b50530
97,none,aster_slight,d5a0c7d59e878884d1eb275f35c6de8e1cc51be804007ae203f4042bfb33ba14,4b44cd2b1991b8aa1ba135fca698f1abd0cbec61efb19b003bfb7b6ef9b50530
98,A,aster_slight,134c9acbd82c6351909e4f6befad9f0a685b212558823607b619d33450496509,4b44cd2b1991b8aa1ba135fca698f1abd0cbec61efb19b003bfb7b6ef9b50530
99,A,aster_slight,2386199b60b1f224d427238809c445abe1cf534370f67ffdabd5b23e8699b88c,4b44cd2b1991b8aa1ba135fca698f1abd0cbec61efb19b003bfb7b6ef9b50530
100,B,aster_slight,e4ec1c8fe11c9f17c8ae888f7dd3adc79a1ca302b47839f4bdd6a4085f5e11f9,4b44cd2b1991b8aa1ba135fca698f1abd0cbec61efb19b003bfb7b6ef9b50530
101,B,aster_slight,718f2cbc2526dd4fe08fc2804187d482e0dd68b0a06b05408936aef193481f97,4b44cd2b1991b8aa1ba135fca698f1abd0cbec61efb19b003bfb7b6ef9b50530
102,none,boreal_slight,d3217756853ca03a3a2efdf1b6a21fbd5ff30d49002d6926a28334e53c5f34d6,4b44cd2b1991b8aa1ba135fca698f1abd0cbec61efb19b003bfb7b6ef9b50530
103,none,boreal_slight,7d628ba3e76a6d29f50d9bf91f6bc43e57f8f562bdec50ac6b500583b7905fc1,4b44cd2b1991b8aa1ba135fca698f1abd0cbec61efb19b003bfb7b6ef9b50530
104,A,boreal_slight,f4be77fa2d2dfb5b019e3672f3f326b4190f4fd055e4a1c7d3395d220e26b03f,4b44cd2b1991b8aa1ba135fca698f1abd0cbec61efb19b003bfb7b6ef9b50530
105,A,boreal_slight,2a804f2fd58f402b93419a7199a636dde66b864c4391a524ace30c588ce8b7f3,4b44cd2b1991b8aa1ba135fca698f1abd0cbec61efb19b003bfb7b6ef9b50530
106,B,boreal_slight,ceedbc16010ef9365efb42c89dde2ab8652863122005774d6c48a987176c39df,4b44cd2b1991b8aa1ba135fca698f1abd0cbec61efb19b003bfb7b6ef9b50530
107,B,boreal_slight,2ababd14ee127fad778e96598a632ed2a67214a4a22930328d65cc3c28f57695,4b44cd2b1991b8aa1ba135fca698f1abd0cbec61efb19b003bfb7b6ef9b50530
108,none,tie,68b15ae00b5dede35ff7b0a9b1b8d214e5298a7b54064e1a0209ebfb3035b1ce,4b44cd2b1991b8aa1ba135fca698f1abd0cbec61efb19b003bfb7b6ef9b50530
109,none,tie,9932c64aafabc67975139a607a62462e692c39c9dd6b39f02039cc03fe5a1884,4b44cd2b1991b8aa1ba135fca698f1abd0cbec61efb19b003bfb7b6ef9b50530
110,A,tie,a29f922fb45b609fa1964d873ef2a5b35ac1665c168a12a4b170d5b1e04147a2,4b44cd2b1991b8aa1ba135fca698f1abd0cbec61efb19b003bfb7b6ef9b50530
111,A,tie,e75ededccfce1ba9ed66f0073c74580f1472aace8aec75443b6e68cb806c35e8,4b44cd2b1991b8aa1ba135fca698f1abd0cbec61efb19b003bfb7b6ef9b50530
112,B,tie,6e3fff4c41fdf7fb03eae2328fc61a44e5984477de7922468bb9a6a0756e2fcb,4b44cd2b1991b8aa1ba135fca698f1abd0cbec61efb19b003bfb7b6ef9b50530
113,B,tie,c2aa4a41a8c0f24f84f008e055a5bd38eadfa3d5f57e0326587af9677fc89849,4b44cd2b1991b8aa1ba135fca698f1abd0cbec61efb19b003bfb7b6ef9b50530
114,none,aster_slight,5663df61c8952a69b1974623be932c4ac96911b6eef724e0332cc4afb8de32cb,4b44cd2b1991b8aa1ba135fca698f1abd0cbec61efb19b003bfb7b6ef9b50530
115,none,aster_slight,a3d8ff3888af8a10dfb5277fc40ce7458b801918c571dfb1bbedb3468618235a,4b44cd2b1991b8aa1ba135fca698f1abd0cbec61efb19b003bfb7b6ef9b50530
116,A,aster_slight,ca8da6fed2ad55b85a094d19ec17464c19a509b9ac8d096440bde813601108de,4b44cd2b1991b8aa1ba135fca698f1abd0cbec61efb19b003bfb7b6ef9b50530
117,A,aster_slight,d1f1280a31e20c967af84fbd6b9d3aec9596bc58df80b333b9a4ea71bf0e7a4f,4b44cd2b1991b8aa1ba135fca698f1abd0cbec61efb19b003bfb7b6ef9b50530
118,B,aster_slight,0497c4050a0b2d84aafdbddb171776068df0a8b0d1854efc900c2243dd5ead9b,4b44cd2b1991b8aa1ba135fca698f1abd0cbec61efb19b003bfb7b6ef9b50530
119,B,aster_slight,6530e976238ec9d5ea22cb0f12451fad97beef5cec55775793455d8258423e07,4b44cd2b1991b8aa1ba135fca698f1abd0cbec61efb19b003bfb7b6ef9b50530
120,none,boreal_slight,d4a9bf6825600efbb1ee656095a6da751f9e850a817c0693a20abc162fc7046c,4b44cd2b1991b8aa1ba135fca698f1abd0cbec61efb19b003bfb7b6ef9b50530
121,none,boreal_slight,26f0ab6ebfd4ae99960f8844bc7fee03837ee3ed411fdbe2a91d215e2b0bc585,4b44cd2b1991b8aa1ba135fca698f1abd0cbec61efb19b003bfb7b6ef9b50530
122,A,boreal_slight,68032e26a8d3eb667c6d54d551a05826de17dff7785cbcd66e4f5ab4153f4a59,4b44cd2b1991b8aa1ba135fca698f1abd0cbec61efb19b003bfb7b6ef9b50530
123,A,boreal_slight,eef5a0531eb77c4e441b4165d0ecd665f95bf0d0f5852ce646a99392ece0f49e,4b44cd2b1991b8aa1ba135fca698f1abd0cbec61efb19b003bfb7b6ef9b50530
124,B,boreal_slight,eb465a81a41f22345c28100858e48b40d3588febb8a8c7ee3c86ee3b9a8752a2,4b44cd2b1991b8aa1ba135fca698f1abd0cbec61efb19b003bfb7b6ef9b50530
125,B,boreal_slight,07324d5701cbf4cac4ac7f8c0b42db06176632b071b442af457e0468d3248930,4b44cd2b1991b8aa1ba135fca698f1abd0cbec61efb19b003bfb7b6ef9b50530
126,none,tie,e729b2c8d41c329ee17cb2b966cc35c1ad844ad07ae8e8e551538a75188ef16d,4b44cd2b1991b8aa1ba135fca698f1abd0cbec61efb19b003bfb7b6ef9b50530
127,none,tie,b23755fdc50d04bf30bccb38d645f0272bcd82e3b18da5939fce7deb9809e978,4b44cd2b1991b8aa1ba135fca698f1abd0cbec61efb19b003bfb7b6ef9b50530
128,A,tie,717c46812e3e53045d0b776791766d3d80e61f78bd240399a867534909f5120c,4b44cd2b1991b8aa1ba135fca698f1abd0cbec61efb19b003bfb7b6ef9b50530
129,A,tie,13a36c2977414bd8cfa72c9c70f4f978bcf60ce76966ddd79b846668cc84600b,4b44cd2b1991b8aa1ba135fca698f1abd0cbec61efb19b003bfb7b6ef9b50530
130,B,tie,94a4fab7b7fc862828c6fca45b61e7314cc2a1b61ace89ca5e3faed2625fccb0,4b44cd2b1991b8aa1ba135fca698f1abd0cbec61efb19b003bfb7b6ef9b50530
131,B,tie,0aabb045c3d42f089ef0d43faa2e4d025d70a1c697e63f0787f0a2d62fec7e5e,4b44cd2b1991b8aa1ba135fca698f1abd0cbec61efb19b003bfb7b6ef9b50530
132,none,aster_slight,960ade8fbf8d7e11ab5279ffd7f5e6cf5625868e1df134c87888f5c01e06f052,4b44cd2b1991b8aa1ba135fca698f1abd0cbec61efb19b003bfb7b6ef9b50530
133,none,aster_slight,6dee12cb8aa693c22add4cb3d663992b46ce9314e0e6c7f14335c9078ee20c70,4b44cd2b1991b8aa1ba135fca698f1abd0cbec61efb19b003bfb7b6ef9b50530
134,A,aster_slight,c3524797a948ee5f0313eb0b9350676eff9a3fe50e5a34dfdb843822bb842b97,4b44cd2b1991b8aa1ba135fca698f1abd0cbec61efb19b003bfb7b6ef9b50530
135,A,aster_slight,25435aa972316eab72c3acdf1aa29b451d32077eafd3a8f389a1fcfb8eb46b21,4b44cd2b1991b8aa1ba135fca698f1abd0cbec61efb19b003bfb7b6ef9b50530
136,B,aster_slight,d0fc6cdd8ff63ea2055a9e4038b09f4708e23c92398204b4ed3be5f7c40dbb10,4b44cd2b1991b8aa1ba135fca698f1abd0cbec61efb19b003bfb7b6ef9b50530
137,B,aster_slight,1560ad57720ebce05bf3d20c1983d4ba49e90908c8566da29f40b26428cef0e2,4b44cd2b1991b8aa1ba135fca698f1abd0cbec61efb19b003bfb7b6ef9b50530
138,none,boreal_slight,2f41bfcff61f9fa8f989f1da92c1c7407849f6410c9861359fd016c42760e04f,4b44cd2b1991b8aa1ba135fca698f1abd0cbec61efb19b003bfb7b6ef9b50530
139,none,boreal_slight,ea5869c860f4fa3b65ed234c0f909ca10ab0d92d40749f01b060b52c21e0fe7d,4b44cd2b1991b8aa1ba135fca698f1abd0cbec61efb19b003bfb7b6ef9b50530
140,A,boreal_slight,eafe982cd5663bdae2e6b75e1fb1f382368845067268cad2e6950b8af5fcf939,4b44cd2b1991b8aa1ba135fca698f1abd0cbec61efb19b003bfb7b6ef9b50530
141,A,boreal_slight,a58af742361089613c6e5b323c24db2db8c0270b9fb2fdf86d881c96104604dd,4b44cd2b1991b8aa1ba135fca698f1abd0cbec61efb19b003bfb7b6ef9b50530
142,B,boreal_slight,d0ece79ff04908530299ea3319bbc147266d730fa492748881cc5b579856ae51,4b44cd2b1991b8aa1ba135fca698f1abd0cbec61efb19b003bfb7b6ef9b50530
143,B,boreal_slight,3fb622fa39d3444596dfd0e6a2244a10f7fb5f267c6874ef1ba9c582182089d3,4b44cd2b1991b8aa1ba135fca698f1abd0cbec61efb19b003bfb7b6ef9b50530
144,none,tie,f41b84524f3b89869885bb45ad9bcf16f5524b4e87422588a06bebbaeedd659d,4b44cd2b1991b8aa1ba135fca698f1abd0cbec61efb19b003bfb7b6ef9b50530
145,none,tie,41305a3e9e5051641558383730d6050e01a401f470ea5dc5f9d67552807cc626,4b44cd2b1991b8aa1ba135fca698f1abd0cbec61efb19b003bfb7b6ef9b50530
146,A,tie,bacf18afd4a6be80432cd851d227de31972540da20b8014e4cdafec9fd8dc62d,4b44cd2b1991b8aa1ba135fca698f1abd0cbec61efb19b003bfb7b6ef9b50530
147,A,tie,a0f43bd03c0ae6be7659ebdc1cdd6d8e2cad57118951af14a84b4053494a3858,4b44cd2b1991b8aa1ba135fca698f1abd0cbec61efb19b003bfb7b6ef9b50530
148,B,tie,3875e8ff31c3bc21841ac3c9142c59e00950d01b71adf4d35da5e7ae1c318529,4b44cd2b1991b8aa1ba135fca698f1abd0cbec61efb19b003bfb7b6ef9b50530
149,B,tie,595353acfa8ed12f4bb2999d389088290debc8bc7e4fa5c15502a6603a2c2ace,4b44cd2b1991b8aa1ba135fca698f1abd0cbec61efb19b003bfb7b6ef9b50530
150,none,aster_slight,3119257b4028c8d3e57ccce04f3dcc1f7c08e421d40f4439a0b98537e2b4dceb,4b44cd2b1991b8aa1ba135fca698f1abd0cbec61efb19b003bfb7b6ef9b50530
151,none,aster_slight,663aa856102f87c6c4e6e8fca6b4d1bbca2284723e42f4ee885658f140448292,4b44cd2b1991b8aa1ba135fca698f1abd0cbec61efb19b003bfb7b6ef9b50530
152,A,aster_slight,34cf34ff559c174358a2958d8981f487da40c2c2a1ec9c3cacd12c3ed22cbc18,4b44cd2b1991b8aa1ba135fca698f1abd0cbec61efb19b003bfb7b6ef9b50530
153,A,aster_slight,dcea71e1ee5536fb4670b9c1db6110c784d5085292a3eded660aa3b4bf0ca7ad,4b44cd2b1991b8aa1ba135fca698f1abd0cbec61efb19b003bfb7b6ef9b50530
154,B,aster_slight,627e69f207a691d7dd7327bd4970f177f6fc41ebec8ea87bc672fe456f8669a1,4b44cd2b1991b8aa1ba135fca698f1abd0cbec61efb19b003bfb7b6ef9b50530
155,B,aster_slight,d43f088bef40d7a802d31f53604e239fb1c9f0b8ca29cbc57bd2d46ce52b1e01,4b44cd2b1991b8aa1ba135fca698f1abd0cbec61efb19b003bfb7b6ef9b50530
156,none,boreal_slight,17ed8cd19ee7fd66a0d89b00d28e334aa1a31026caee8aee1fa4fdc9b1a88549,4b44cd2b1991b8aa1ba135fca698f1abd0cbec61efb19b003bfb7b6ef9b50530
157,none,boreal_slight,bf97e760cc517aaa786a98c0aff3aa9e8273665aa08d593c8007df4369910134,4b44cd2b1991b8aa1ba135fca698f1abd0cbec61efb19b003bfb7b6ef9b50530
158,A,boreal_slight,d4a15840cf5492dca7f061e320b553ce75c82ee4116f46e5992d521370c3b581,4b44cd2b1991b8aa1ba135fca698f1abd0cbec61efb19b003bfb7b6ef9b50530
159,A,boreal_slight,9ff8e8ffc15eb732c14b55ba35f629f20586150028ed0f857fc924e5984597f9,4b44cd2b1991b8aa1ba135fca698f1abd0cbec61efb19b003bfb7b6ef9b50530
160,B,boreal_slight,12b14dc3f3002b2fff5d590e377f36017bcd56ceecc9db1d833be088aab44366,4b44cd2b1991b8aa1ba135fca698f1abd0cbec61efb19b003bfb7b6ef9b50530
161,B,boreal_slight,7939a436f4a2916827dd812dc6c2d347203c9ccaad19812a77902ba92384ba95,4b44cd2b1991b8aa1ba135fca698f1abd0cbec61efb19b003bfb7b6ef9b50530
162,none,tie,c348c967a78017867f28d9e58d91f3cec5d9207eacba5976159191b0e875c89c,4b44cd2b1991b8aa1ba135fca698f1abd0cbec61efb19b003bfb7b6ef9b50530
163,none,tie,572fb8546bac80578c8ccc56b6db32184de94aaba7a7ef48b821d78121dcae28,4b44cd2b1991b8aa1ba135fca698f1abd0cbec61efb19b003bfb7b6ef9b50530
164,A,tie,7f10988649d598d9a31d3b18fcc9fd29cba739abed3d9617edbc3130cda0fd5f,4b44cd2b1991b8aa1ba135fca698f1abd0cbec61efb19b003bfb7b6ef9b50530
165,A,tie,cd79fec228d80b46952e070674cd352e63d0bbd33555d813913a92295afddfa9,4b44cd2b1991b8aa1ba135fca698f1abd0cbec61efb19b003bfb7b6ef9b50530
166,B,tie,37ff83d3a5d4080df41b55845918d11fd679df9c9258307c338aa50c5baf88ae,4b44cd2b1991b8aa1ba135fca698f1abd0cbec61efb19b003bfb7b6ef9b50530
167,B,tie,e03e3855a830a692c9946d0b0c6ddd3260d4ab66631a407d83e9db4f966a2dd3,4b44cd2b1991b8aa1ba135fca698f1abd0cbec61efb19b003bfb7b6ef9b50530
168,none,aster_slight,66760e1753c59b0dcaea3f359a6d20209b0e59b1b14cca819012aab0cf7d7aa3,4b44cd2b1991b8aa1ba135fca698f1abd0cbec61efb19b003bfb7b6ef9b50530
169,none,aster_slight,67c3b3860635907272cac4707c04b506c4b1e894c7f2334e613e06c61065d56f,4b44cd2b1991b8aa1ba135fca698f1abd0cbec61efb19b003bfb7b6ef9b50530
170,A,aster_slight,94580d16e80607d0f0abf08da0489675d9eae897d7f538bc0be25b2ddc3c4c7d,4b44cd2b1991b8aa1ba135fca698f1abd0cbec61efb19b003bfb7b6ef9b50530
171,A,aster_slight,3b6fde4bb97db543e355c4beb49417d2c4759c3d386fc92e0d3e6a5f01c2d3b4,4b44cd2b1991b8aa1ba135fca698f1abd0cbec61efb19b003bfb7b6ef9b50530
172,B,aster_slight,17eea27388cef2f73a877f6b0152c608b5b544a7bcdae2a75f5d39e0550e190d,4b44cd2b1991b8aa1ba135fca698f1abd0cbec61efb19b003bfb7b6ef9b50530
173,B,aster_slight,35c7a9a4b77eb90b2357f8947c661e14704c495733cb45a4fe878af190a1b38f,4b44cd2b1991b8aa1ba135fca698f1abd0cbec61efb19b003bfb7b6ef9b50530
174,none,boreal_slight,6f2a97099642350bb8ce3d6f14cd235474b57511a6085c28a73bb42a29c94341,4b44cd2b1991b8aa1ba135fca698f1abd0cbec61efb19b003bfb7b6ef9b50530
175,none,boreal_slight,75c7dbe0244f59c726a56eba44eb44e48b92baedf9efccbc432917a2ce3c1a2d,4b44cd2b1991b8aa1ba135fca698f1abd0cbec61efb19b003bfb7b6ef9b50530
176,A,boreal_slight,daebcdaa8e000dc03cfc9d0bc9f27a1879b3f9e118466f0149062cd76c0a9821,4b44cd2b1991b8aa1ba135fca698f1abd0cbec61efb19b003bfb7b6ef9b50530
177,A,boreal_slight,392b681a5f12bd3cde0b90e3406b397b7f117f0023416cfe1070a803ec6b0c3a,4b44cd2b1991b8aa1ba135fca698f1abd0cbec61efb19b003bfb7b6ef9b50530
178,B,boreal_slight,99246684d92da26553798b0d95a87305521b5aff0836f9f4d867b641bbd3e411,4b44cd2b1991b8aa1ba135fca698f1abd0cbec61efb19b003bfb7b6ef9b50530
179,B,boreal_slight,627b9e13ee9de56ac185a1a1fa3bd6683deb54e6318b4ff34e714ebcb688a1b1,4b44cd2b1991b8aa1ba135fca698f1abd0cbec61efb19b003bfb7b6ef9b50530
180,none,tie,4911e82faf469ae61252d6490ae540f5179c58d974296a424df7d01995c65fa9,4b44cd2b1991b8aa1ba135fca698f1abd0cbec61efb19b003bfb7b6ef9b50530
181,none,tie,a29fb77fe96e114386937537206578bbd9743bc9bf92dc07e0971446669a43ff,4b44cd2b1991b8aa1ba135fca698f1abd0cbec61efb19b003bfb7b6ef9b50530
182,A,tie,827beea48034209d2f33461ca386215efd5a942c0d0f0c58b8f9a2db97ba4cc9,4b44cd2b1991b8aa1ba135fca698f1abd0cbec61efb19b003bfb7b6ef9b50530
183,A,tie,ce54eeca709c022d34d16cfa24427b0ca03f31a16ca7706d43d2805c92a96a35,4b44cd2b1991b8aa1ba135fca698f1abd0cbec61efb19b003bfb7b6ef9b50530
184,B,tie,f719f3b4427d0cb2ee1434bfca5063d352085633b8ed6fbaffa7b1af68e17a59,4b44cd2b1991b8aa1ba135fca698f1abd0cbec61efb19b003bfb7b6ef9b50530
185,B,tie,56da6974284e697b6178be53a5632540b373c3639c64a421d7a62dcf7a0cc41f,4b44cd2b1991b8aa1ba135fca698f1abd0cbec61efb19b003bfb7b6ef9b50530
186,none,aster_slight,6ef68b576c756b65ae455781bc57151bd8b89ab65f1576444761a1f9a2ff4b70,4b44cd2b1991b8aa1ba135fca698f1abd0cbec61efb19b003bfb7b6ef9b50530
187,none,aster_slight,ff5df6254c1f62ea1964d7d0f0cf350fcfcb6dad38d019295af11690bd72a8a8,4b44cd2b1991b8aa1ba135fca698f1abd0cbec61efb19b003bfb7b6ef9b50530
188,A,aster_slight,dd6c0e65ef7794595bc7657706a7d747fffbc1c44cf07c216190f7100bd6354f,4b44cd2b1991b8aa1ba135fca698f1abd0cbec61efb19b003bfb7b6ef9b50530
189,A,aster_slight,6d947b4abbb4548f30f5533c31fabf1320e95e2aa8e6b100a0be12a04016cdad,4b44cd2b1991b8aa1ba135fca698f1abd0cbec61efb19b003bfb7b6ef9b50530
190,B,aster_slight,7c890f844b43c9b98380808116cfa089d279d4497bc8386bfcd95e4ddbc0beff,4b44cd2b1991b8aa1ba135fca698f1abd0cbec61efb19b003bfb7b6ef9b50530
191,B,aster_slight,f0ee66b44f35c8a6489892e8cfa6fc1bdf123faedb226ce91299cf194e6fdee0,4b44cd2b1991b8aa1ba135fca698f1abd0cbec61efb19b003bfb7b6ef9b50530
192,none,boreal_slight,5c90b6a051049b66284cf95bf3864e92ba75faa7d25751717e1f44e6a1724073,4b44cd2b1991b8aa1ba135fca698f1abd0cbec61efb19b003bfb7b6ef9b50530
193,none,boreal_slight,4a9035c1d8dc6c41baaa17e655f5d0ea4ee745727f3d7d8d63dc38151b7c618e,4b44cd2b1991b8aa1ba135fca698f1abd0cbec61efb19b003bfb7b6ef9b50530
194,A,boreal_slight,ec36ebec297ed5ef329a843dce8cf5b30701db18ce4bc07e80953a17a97bb29b,4b44cd2b1991b8aa1ba135fca698f1abd0cbec61efb19b003bfb7b6ef9b50530
195,A,boreal_slight,6e9eaf09f4b560533d18233c04b3b35ba3629b1f4adfab6201edb76eea1d135a,4b44cd2b1991b8aa1ba135fca698f1abd0cbec61efb19b003bfb7b6ef9b50530
196,B,boreal_slight,36ae4e76840e760e05b6b63c4c204fd2e9f010b57fa4184803db196250fdff56,4b44cd2b1991b8aa1ba135fca698f1abd0cbec61efb19b003bfb7b6ef9b50530
197,B,boreal_slight,4f9887d89c41a5a99de579e3794150f0aa71136d1148f1942ed0434e6d09f12c,4b44cd2b1991b8aa1ba135fca698f1abd0cbec61efb19b003bfb7b6ef9b50530
198,none,tie,8d298c594e98eeaf009670c129fff0b6c998f3fbf21501c0f1e2c65182ebc863,4b44cd2b1991b8aa1ba135fca698f1abd0cbec61efb19b003bfb7b6ef9b50530
199,none,tie,8f0e76ee47ba3ee66e96c0cceefcb4d4f5aaf8c4aaff3eae8744c708257d65fa,4b44cd2b1991b8aa1ba135fca698f1abd0cbec61efb19b003bfb7b6ef9b50530
200,A,tie,8fa6af269eb1af6dc39787bf010c19723483e66878720d6a6980de7b8cc043d9,4b44cd2b1991b8aa1ba135fca698f1abd0cbec61efb19b003bfb7b6ef9b50530
201,A,tie,5c8f1d100be7444bf3311cb4b13a8f55258454c8b173ac6b7f644e5a776581b8,4b44cd2b1991b8aa1ba135fca698f1abd0cbec61efb19b003bfb7b6ef9b50530
202,B,tie,b1085ab83dd969e4f79bac87ef054859444c5d66a65a34fdc3950f87b8a90bed,4b44cd2b1991b8aa1ba135fca698f1abd0cbec61efb19b003bfb7b6ef9b50530
203,B,tie,3e8bbd3d4a947e3a419a41dea86db267696e708414237e689c27b2f2a47b66e2,4b44cd2b1991b8aa1ba135fca698f1abd0cbec61efb19b003bfb7b6ef9b50530
204,none,aster_slight,ec1c46df3e4a3e6dae07a35bf651756e88c5e3bc0242d4bb3b774f244ff15f7e,4b44cd2b1991b8aa1ba135fca698f1abd0cbec61efb19b003bfb7b6ef9b50530
205,none,aster_slight,5eafac892e1ae779af0d95a21432ca3f74a083edca96f475169b2799d04f90df,4b44cd2b1991b8aa1ba135fca698f1abd0cbec61efb19b003bfb7b6ef9b50530
206,A,aster_slight,5cd1a5b574b91f5852b6d81d875fb88ab0a945df58b64857603ce7caff06a5cc,4b44cd2b1991b8aa1ba135fca698f1abd0cbec61efb19b003bfb7b6ef9b50530
207,A,aster_slight,b4c9b5fb30be10516a49171903a6b6593d5b1e81e41439e29e9a236644b61e5d,4b44cd2b1991b8aa1ba135fca698f1abd0cbec61efb19b003bfb7b6ef9b50530
208,B,aster_slight,d10729620f9fcf9ac619dd22b229b416382e3b9138e6e0df6f7633f021b47902,4b44cd2b1991b8aa1ba135fca698f1abd0cbec61efb19b003bfb7b6ef9b50530
209,B,aster_slight,d9471981eca73e8ffad5b8ec278a8b160a12e2b06a6c5f5006844fdd660bd71d,4b44cd2b1991b8aa1ba135fca698f1abd0cbec61efb19b003bfb7b6ef9b50530
210,none,boreal_slight,553fa5df15f43a8de27fb32eca1d0e3e29ce35daf60a85960c9e79835969e0e7,4b44cd2b1991b8aa1ba135fca698f1abd0cbec61efb19b003bfb7b6ef9b50530
211,none,boreal_slight,4424219329751ef3edc041ce0f486c8ae857accbac0817731e60fc6bcca76cd3,4b44cd2b1991b8aa1ba135fca698f1abd0cbec61efb19b003bfb7b6ef9b50530
212,A,boreal_slight,a8bfea582970a27ffb59cb8bfab3c1d67436f2b59518187bcf1d09eb31bc6756,4b44cd2b1991b8aa1ba135fca698f1abd0cbec61efb19b003bfb7b6ef9b50530
213,A,boreal_slight,fb9b326f385431e5b27f848b32b133241bcbb092211346e5f6117883aeb993f3,4b44cd2b1991b8aa1ba135fca698f1abd0cbec61efb19b003bfb7b6ef9b50530
214,B,boreal_slight,abc735ebd10ae69b9a910602504550ae92390d723c22c349046e18ca744470d7,4b44cd2b1991b8aa1ba135fca698f1abd0cbec61efb19b003bfb7b6ef9b50530
215,B,boreal_slight,cca335e618e2bd94917437511b39707f854d771886a87b013b67534e2feb6c6d,4b44cd2b1991b8aa1ba135fca698f1abd0cbec61efb19b003bfb7b6ef9b50530
